Distance_(microns),Gray_Value,group
0,169,CD63
0.13,191.613,CD63
0.26,254.621,CD63
0.39,414.228,CD63
0.52,960.243,CD63
0.65,3431.471,CD63
0.78,8235.075,CD63
0.91,11892.05,CD63
1.04,12045.052,CD63
1.17,9289.57,CD63
1.3,5568.213,CD63
1.43,2596.082,CD63
1.56,940.504,CD63
1.69,398.923,CD63
1.82,235.915,CD63
1.95,189.006,CD63
2.08,185.295,CD63
2.21,183.317,CD63
2.34,169.619,CD63
2.47,156.12,CD63
2.6,159.618,CD63
2.73,175.47,CD63
2.86,175.31,CD63
2.99,177.76,CD63
3.12,174.075,CD63
3.25,145.241,CD63
3.38,135.832,CD63
3.51,151.344,CD63
3.64,153.294,CD63
3.77,141.849,CD63
3.9,127.183,CD63
4.03,135.11,CD63
4.16,138.25,CD63
4.29,149.222,CD63
4.42,155.371,CD63
4.55,136.033,CD63
4.68,139.933,CD63
4.81,128.119,CD63
4.94,149.64,CD63
5.07,155.776,CD63
5.2,163.15,CD63
5.33,165.753,CD63
5.46,151.863,CD63
5.59,140.181,CD63
5.72,153.399,CD63
5.85,154.208,CD63
5.98,141.222,CD63
6.11,135.36,CD63
6.24,132.794,CD63
6.37,141.093,CD63
6.5,146.712,CD63
6.63,139.432,CD63
6.76,132.588,CD63
6.89,138.836,CD63
7.02,137.949,CD63
7.15,134.15,CD63
7.28,138.731,CD63
7.41,152,CD63
7.54,141.172,CD63
7.67,133.335,CD63
7.8,167.626,CD63
7.93,155.37,CD63
8.06,156.718,CD63
8.19,161.063,CD63
8.32,148.192,CD63
8.45,138.011,CD63
8.58,141.159,CD63
8.71,139.595,CD63
8.84,143.282,CD63
8.97,133.579,CD63
9.1,147.645,CD63
9.23,160.317,CD63
9.36,179.349,CD63
9.49,191.754,CD63
9.62,169.553,CD63
9.75,165.072,CD63
9.88,162.4,CD63
10.01,165.006,CD63
10.14,173.23,CD63
10.27,186.966,CD63
10.4,204.139,CD63
10.53,263.998,CD63
10.66,482.517,CD63
10.79,1213.315,CD63
10.92,4098.922,CD63
11.05,10265.487,CD63
11.18,12916.307,CD63
11.31,11348.292,CD63
11.44,7143.176,CD63
11.57,3094.98,CD63
11.7,1191.371,CD63
11.83,478.432,CD63
11.96,271.741,CD63
12.09,233.046,CD63
12.22,214.699,CD63
12.35,210,CD63
12.48,163,CD63
12.61,154.878,CD63
12.74,161.651,CD63
12.87,164.275,CD63
13,163.888,CD63
13.13,177.803,CD63
13.26,164.653,CD63
13.39,152.328,CD63
13.52,149.534,CD63
13.65,145.076,CD63
13.78,146.123,CD63
13.91,151.354,CD63
14.04,161.041,CD63
14.17,146.344,CD63
14.3,144.039,CD63
14.43,154.725,CD63
14.56,161.889,CD63
14.69,160.38,CD63
14.82,159.826,CD63
14.95,141.661,CD63
15.08,144.25,CD63
15.21,143.075,CD63
15.34,143.833,CD63
15.47,145.34,CD63
15.6,144.752,CD63
15.73,133.185,CD63
15.86,130.812,CD63
15.99,128.228,CD63
16.12,132.396,CD63
16.25,138.587,CD63
16.38,145.868,CD63
16.51,154.445,CD63
16.64,148.082,CD63
16.77,139.75,CD63
16.9,136.179,CD63
17.03,138.822,CD63
17.16,123.926,CD63
17.29,129.545,CD63
17.42,149.844,CD63
17.55,187.082,CD63
17.68,150.555,CD63
17.81,134.554,CD63
17.94,135.682,CD63
18.07,153.408,CD63
18.2,153.778,CD63
18.33,152.19,CD63
18.46,152.777,CD63
18.59,153.781,CD63
18.72,152.388,CD63
18.85,144.417,CD63
18.98,140.452,CD63
19.11,155.832,CD63
19.24,188.782,CD63
19.37,276.401,CD63
19.5,758.922,CD63
19.63,2463.646,CD63
19.76,5307.892,CD63
19.89,5730.161,CD63
20.02,3833.751,CD63
20.15,1744.249,CD63
20.28,656.81,CD63
20.41,312.46,CD63
20.54,198.164,CD63
20.67,165.011,CD63
20.8,151.135,CD63
20.93,136.291,CD63
21.06,139.5,CD63
21.19,133.453,CD63
21.32,124.857,CD63
21.45,125.409,CD63
21.58,123.105,CD63
21.71,131.514,CD63
21.84,126.909,CD63
21.97,136.261,CD63
22.1,132.897,CD63
22.23,125.978,CD63
22.36,144.062,CD63
22.49,139.764,CD63
22.62,129.124,CD63
22.75,125.363,CD63
22.88,138.412,CD63
23.01,129.391,CD63
23.14,147.061,CD63
23.27,160.269,CD63
23.4,148.339,CD63
23.53,137.697,CD63
23.66,138.154,CD63
23.79,130.561,CD63
23.92,135.111,CD63
24.05,141.91,CD63
24.18,151.676,CD63
24.31,164.044,CD63
24.44,160.116,CD63
24.57,173.162,CD63
24.7,136.782,CD63
24.83,145.074,CD63
24.96,151.479,CD63
25.09,159.666,CD63
25.22,169.033,CD63
25.35,183.938,CD63
25.48,181.634,CD63
25.61,189.927,CD63
25.74,206.281,CD63
25.87,229.108,CD63
26,242.932,CD63
26.13,312.394,CD63
26.26,539.97,CD63
26.39,1138.406,CD63
26.52,2766.719,CD63
26.65,5878.623,CD63
26.78,9403.5,CD63
26.91,10616.288,CD63
27.04,9877.709,CD63
27.17,6929.819,CD63
27.3,4128.002,CD63
27.43,1736.435,CD63
27.56,760.87,CD63
27.69,380.784,CD63
27.82,255.951,CD63
27.95,204.469,CD63
28.08,185,CD63
28.21,173.035,CD63
28.34,163.394,CD63
28.47,159.805,CD63
28.6,155.986,CD63
28.73,145.409,CD63
28.86,139.891,CD63
28.99,147.006,CD63
29.12,154.837,CD63
29.25,138.591,CD63
29.38,142.664,CD63
29.51,147.544,CD63
29.64,130,CD63
29.77,149,CD63
29.9,141.458,CD63
30.03,142.281,CD63
30.16,146.176,CD63
30.29,141.078,CD63
30.42,143.575,CD63
30.55,133.235,CD63
30.68,146.386,CD63
30.81,152.725,CD63
30.94,145.118,CD63
31.07,148.843,CD63
31.2,149.19,CD63
31.33,133.176,CD63
31.46,143.804,CD63
31.59,135.17,CD63
31.72,133,CD63
31.85,147.405,CD63
31.98,145.778,CD63
32.11,151.529,CD63
32.24,147.333,CD63
32.37,141.745,CD63
32.5,140.647,CD63
32.63,141.314,CD63
32.76,143.654,CD63
32.89,129.706,CD63
33.02,141.928,CD63
33.15,138.098,CD63
33.28,151.471,CD63
33.41,142.935,CD63
33.54,143.359,CD63
33.67,135.765,CD63
33.8,153.255,CD63
33.93,144.569,CD63
34.06,146.294,CD63
34.19,153.889,CD63
34.32,167.15,CD63
34.45,142.588,CD63
34.58,139.405,CD63
34.71,135.889,CD63
34.84,130.765,CD63
34.97,139.941,CD63
35.1,137.412,CD63
35.23,146.412,CD63
35.36,148.242,CD63
35.49,135.686,CD63
35.62,138.529,CD63
35.75,151.837,CD63
35.88,144.582,CD63
36.01,153.941,CD63
36.14,147.627,CD63
36.27,139.529,CD63
36.4,132,CD63
36.53,134.614,CD63
36.66,128.575,CD63
36.79,135.412,CD63
36.92,144.078,CD63
37.05,131.843,CD63
37.18,137.882,CD63
37.31,141.68,CD63
37.44,147.078,CD63
37.57,145.235,CD63
37.7,134.843,CD63
37.83,134,CD63
37.96,124.706,CD63
38.09,131.124,CD63
38.22,141.908,CD63
38.35,149,CD63
38.48,158.294,CD63
38.61,165.667,CD63
38.74,156.176,CD63
38.87,149.51,CD63
39,153.752,CD63
39.13,153.647,CD63
39.26,151.085,CD63
39.39,151.529,CD63
39.52,150.235,CD63
39.65,154.026,CD63
39.78,149.484,CD63
39.91,132.647,CD63
40.04,155.889,CD63
40.17,172.83,CD63
40.3,194.765,CD63
40.43,255.294,CD63
40.56,470.34,CD63
40.69,922.706,CD63
40.82,2179,CD63
40.95,4294.17,CD63
41.08,7064.941,CD63
41.21,6247.307,CD63
41.34,4483.046,CD63
41.47,2405.059,CD63
41.6,1164.928,CD63
41.73,743.654,CD63
41.86,612.529,CD63
41.99,451.379,CD63
42.12,279.046,CD63
42.25,209.706,CD63
42.38,170.294,CD63
42.51,158.562,CD63
42.64,162.824,CD63
42.77,167.686,CD63
42.9,151.869,CD63
43.03,162,CD63
43.16,136,CD63
43.29,154.43,CD63
43.42,138.482,CD63
43.55,121.155,CD63
43.68,137.224,CD63
43.81,137,CD63
43.94,143.079,CD63
44.07,145.219,CD63
44.2,143.224,CD63
44.33,145.635,CD63
44.46,151.816,CD63
44.59,137.683,CD63
44.72,139.378,CD63
44.85,140.548,CD63
44.98,134.875,CD63
45.11,136.304,CD63
45.24,132.388,CD63
45.37,135.857,CD63
45.5,129.306,CD63
45.63,121.235,CD63
45.76,139.01,CD63
45.89,138.531,CD63
46.02,144.36,CD63
46.15,144.187,CD63
46.28,151.776,CD63
46.41,152.058,CD63
46.54,152.505,CD63
46.67,151.913,CD63
46.8,150,CD63
46.93,141.5,CD63
47.06,139.477,CD63
47.19,148.443,CD63
47.32,149.102,CD63
47.45,162.069,CD63
47.58,164.026,CD63
47.71,188.25,CD63
47.84,169.765,CD63
47.97,183.713,CD63
48.1,272.393,CD63
48.23,475.119,CD63
48.36,1018.143,CD63
48.49,2026.777,CD63
48.62,3347,CD63
48.75,4283.306,CD63
48.88,3865.153,CD63
49.01,2318.324,CD63
49.14,1015.758,CD63
49.27,459.577,CD63
49.4,263.531,CD63
49.53,186.562,CD63
49.66,187.056,CD63
49.79,171.398,CD63
49.92,166.388,CD63
50.05,147.345,CD63
50.18,154.385,CD63
50.31,137.45,CD63
50.44,178,CD63
0,162,EpCAM
0.13,196.006,EpCAM
0.26,262.46,EpCAM
0.39,417.084,EpCAM
0.52,772.991,EpCAM
0.65,1799.62,EpCAM
0.78,3933.019,EpCAM
0.91,8357.307,EpCAM
1.04,12347.826,EpCAM
1.17,12612.855,EpCAM
1.3,9729.216,EpCAM
1.43,5133.52,EpCAM
1.56,1936.771,EpCAM
1.69,720.992,EpCAM
1.82,335.235,EpCAM
1.95,262.075,EpCAM
2.08,225.169,EpCAM
2.21,170.625,EpCAM
2.34,156.464,EpCAM
2.47,141.6,EpCAM
2.6,139.936,EpCAM
2.73,129.479,EpCAM
2.86,126.386,EpCAM
2.99,137.198,EpCAM
3.12,135.855,EpCAM
3.25,138.13,EpCAM
3.38,131.815,EpCAM
3.51,127.175,EpCAM
3.64,141.421,EpCAM
3.77,129.679,EpCAM
3.9,124.712,EpCAM
4.03,124.75,EpCAM
4.16,114.83,EpCAM
4.29,113.149,EpCAM
4.42,125.139,EpCAM
4.55,124.981,EpCAM
4.68,136.547,EpCAM
4.81,129.186,EpCAM
4.94,125.12,EpCAM
5.07,136.058,EpCAM
5.2,133.812,EpCAM
5.33,131.902,EpCAM
5.46,128.667,EpCAM
5.59,126.389,EpCAM
5.72,126.381,EpCAM
5.85,128.687,EpCAM
5.98,127.138,EpCAM
6.11,119.828,EpCAM
6.24,119.599,EpCAM
6.37,118.213,EpCAM
6.5,120.271,EpCAM
6.63,125.847,EpCAM
6.76,125.011,EpCAM
6.89,126.391,EpCAM
7.02,127.465,EpCAM
7.15,119.1,EpCAM
7.28,119.021,EpCAM
7.41,126.48,EpCAM
7.54,122.398,EpCAM
7.67,134.29,EpCAM
7.8,126.211,EpCAM
7.93,121.698,EpCAM
8.06,127.918,EpCAM
8.19,136.296,EpCAM
8.32,128.616,EpCAM
8.45,111.388,EpCAM
8.58,119.706,EpCAM
8.71,126.802,EpCAM
8.84,134.457,EpCAM
8.97,134.129,EpCAM
9.1,142.235,EpCAM
9.23,152.403,EpCAM
9.36,145.721,EpCAM
9.49,141.699,EpCAM
9.62,141.438,EpCAM
9.75,152.956,EpCAM
9.88,146.28,EpCAM
10.01,158.582,EpCAM
10.14,153.222,EpCAM
10.27,164.583,EpCAM
10.4,201.368,EpCAM
10.53,255.031,EpCAM
10.66,472.084,EpCAM
10.79,855.631,EpCAM
10.92,1839.975,EpCAM
11.05,4239.961,EpCAM
11.18,9108.457,EpCAM
11.31,14255.829,EpCAM
11.44,13070.162,EpCAM
11.57,8047.506,EpCAM
11.7,3378.482,EpCAM
11.83,1312.068,EpCAM
11.96,530.032,EpCAM
12.09,280.363,EpCAM
12.22,183.433,EpCAM
12.35,173,EpCAM
12.48,169,EpCAM
12.61,149.104,EpCAM
12.74,148.242,EpCAM
12.87,137.142,EpCAM
13,122.112,EpCAM
13.13,130.996,EpCAM
13.26,130.607,EpCAM
13.39,124.738,EpCAM
13.52,129.776,EpCAM
13.65,130.011,EpCAM
13.78,127.548,EpCAM
13.91,122.91,EpCAM
14.04,126.76,EpCAM
14.17,134.138,EpCAM
14.3,119.344,EpCAM
14.43,123.263,EpCAM
14.56,137.946,EpCAM
14.69,117.719,EpCAM
14.82,128.347,EpCAM
14.95,124.397,EpCAM
15.08,125.295,EpCAM
15.21,128.701,EpCAM
15.34,128.611,EpCAM
15.47,129.449,EpCAM
15.6,133.769,EpCAM
15.73,134.701,EpCAM
15.86,127.466,EpCAM
15.99,118.143,EpCAM
16.12,121.051,EpCAM
16.25,123.656,EpCAM
16.38,123.694,EpCAM
16.51,131.406,EpCAM
16.64,139.165,EpCAM
16.77,130.062,EpCAM
16.9,121.161,EpCAM
17.03,139.204,EpCAM
17.16,133.926,EpCAM
17.29,127.911,EpCAM
17.42,148.824,EpCAM
17.55,131.639,EpCAM
17.68,124.715,EpCAM
17.81,111.354,EpCAM
17.94,123.066,EpCAM
18.07,122.899,EpCAM
18.2,124.667,EpCAM
18.33,124.43,EpCAM
18.46,130.069,EpCAM
18.59,128.171,EpCAM
18.72,119.446,EpCAM
18.85,119.216,EpCAM
18.98,121.037,EpCAM
19.11,117.742,EpCAM
19.24,115.51,EpCAM
19.37,116.891,EpCAM
19.5,118.8,EpCAM
19.63,125.778,EpCAM
19.76,118.11,EpCAM
19.89,134.499,EpCAM
20.02,124.677,EpCAM
20.15,131.759,EpCAM
20.28,124.645,EpCAM
20.41,126.769,EpCAM
20.54,123.151,EpCAM
20.67,130.446,EpCAM
20.8,129.723,EpCAM
20.93,129.455,EpCAM
21.06,125.25,EpCAM
21.19,116.17,EpCAM
21.32,118.372,EpCAM
21.45,121.626,EpCAM
21.58,114.355,EpCAM
21.71,126.886,EpCAM
21.84,137.628,EpCAM
21.97,134.275,EpCAM
22.1,120.733,EpCAM
22.23,131.917,EpCAM
22.36,136.55,EpCAM
22.49,129.542,EpCAM
22.62,127.752,EpCAM
22.75,118.381,EpCAM
22.88,123.78,EpCAM
23.01,126.456,EpCAM
23.14,128.51,EpCAM
23.27,124.757,EpCAM
23.4,120.446,EpCAM
23.53,125.509,EpCAM
23.66,129.038,EpCAM
23.79,127.242,EpCAM
23.92,133.444,EpCAM
24.05,139.093,EpCAM
24.18,137.607,EpCAM
24.31,127.66,EpCAM
24.44,124.345,EpCAM
24.57,132.856,EpCAM
24.7,126.073,EpCAM
24.83,120.822,EpCAM
24.96,116.223,EpCAM
25.09,126.511,EpCAM
25.22,123.32,EpCAM
25.35,131.562,EpCAM
25.48,130.16,EpCAM
25.61,138.265,EpCAM
25.74,159.339,EpCAM
25.87,165.22,EpCAM
26,204.519,EpCAM
26.13,308.363,EpCAM
26.26,532.664,EpCAM
26.39,1220.869,EpCAM
26.52,2897.24,EpCAM
26.65,6782.078,EpCAM
26.78,12696.527,EpCAM
26.91,17801.943,EpCAM
27.04,19942.748,EpCAM
27.17,17494.57,EpCAM
27.3,11581.971,EpCAM
27.43,6029.185,EpCAM
27.56,2251.883,EpCAM
27.69,712.459,EpCAM
27.82,302.274,EpCAM
27.95,203.578,EpCAM
28.08,179.686,EpCAM
28.21,153.299,EpCAM
28.34,140.459,EpCAM
28.47,154.751,EpCAM
28.6,158.362,EpCAM
28.73,133.415,EpCAM
28.86,126.07,EpCAM
28.99,137.961,EpCAM
29.12,149.854,EpCAM
29.25,133.094,EpCAM
29.38,124.866,EpCAM
29.51,118.996,EpCAM
29.64,133,EpCAM
29.77,142,EpCAM
29.9,140.928,EpCAM
30.03,132.935,EpCAM
30.16,131,EpCAM
30.29,133.288,EpCAM
30.42,140.752,EpCAM
30.55,144.294,EpCAM
30.68,147.758,EpCAM
30.81,136.02,EpCAM
30.94,142.294,EpCAM
31.07,131.654,EpCAM
31.2,128.118,EpCAM
31.33,135.647,EpCAM
31.46,126.281,EpCAM
31.59,127.046,EpCAM
31.72,121.706,EpCAM
31.85,126.15,EpCAM
31.98,130.444,EpCAM
32.11,131.706,EpCAM
32.24,136.059,EpCAM
32.37,135.288,EpCAM
32.5,142.647,EpCAM
32.63,146.373,EpCAM
32.76,144.804,EpCAM
32.89,136.765,EpCAM
33.02,135.693,EpCAM
33.15,136.033,EpCAM
33.28,143.471,EpCAM
33.41,137.471,EpCAM
33.54,136.34,EpCAM
33.67,142.235,EpCAM
33.8,129.993,EpCAM
33.93,134.922,EpCAM
34.06,137.588,EpCAM
34.19,133.889,EpCAM
34.32,128.373,EpCAM
34.45,123.588,EpCAM
34.58,134.229,EpCAM
34.71,123.856,EpCAM
34.84,128.471,EpCAM
34.97,134.444,EpCAM
35.1,130.49,EpCAM
35.23,130.059,EpCAM
35.36,144.163,EpCAM
35.49,142.601,EpCAM
35.62,129.647,EpCAM
35.75,129.791,EpCAM
35.88,115.961,EpCAM
36.01,124.824,EpCAM
36.14,141.268,EpCAM
36.27,139.085,EpCAM
36.4,136,EpCAM
36.53,120.301,EpCAM
36.66,117.405,EpCAM
36.79,123.588,EpCAM
36.92,132.111,EpCAM
37.05,125.464,EpCAM
37.18,128.588,EpCAM
37.31,126.922,EpCAM
37.44,135.092,EpCAM
37.57,137.471,EpCAM
37.7,137.301,EpCAM
37.83,147.797,EpCAM
37.96,130.059,EpCAM
38.09,139.497,EpCAM
38.22,146.562,EpCAM
38.35,140.353,EpCAM
38.48,123.686,EpCAM
38.61,130.889,EpCAM
38.74,132.294,EpCAM
38.87,143.941,EpCAM
39,130.092,EpCAM
39.13,128.529,EpCAM
39.26,125.85,EpCAM
39.39,132.81,EpCAM
39.52,137.529,EpCAM
39.65,127.922,EpCAM
39.78,130.549,EpCAM
39.91,124.706,EpCAM
40.04,144.863,EpCAM
40.17,170.797,EpCAM
40.3,235.765,EpCAM
40.43,376.575,EpCAM
40.56,725.739,EpCAM
40.69,1563.412,EpCAM
40.82,3377.556,EpCAM
40.95,7098.804,EpCAM
41.08,11323.235,EpCAM
41.21,11176.229,EpCAM
41.34,9050.941,EpCAM
41.47,5488.824,EpCAM
41.6,2601.582,EpCAM
41.73,1334.68,EpCAM
41.86,806.529,EpCAM
41.99,549.497,EpCAM
42.12,333.882,EpCAM
42.25,236.235,EpCAM
42.38,152.654,EpCAM
42.51,151.157,EpCAM
42.64,157.118,EpCAM
42.77,136.712,EpCAM
42.9,140.124,EpCAM
43.03,167,EpCAM
43.16,174,EpCAM
43.29,157.587,EpCAM
43.42,120.918,EpCAM
43.55,128.63,EpCAM
43.68,120.041,EpCAM
43.81,120.869,EpCAM
43.94,124.395,EpCAM
44.07,128.75,EpCAM
44.2,133.327,EpCAM
44.33,131.99,EpCAM
44.46,134.398,EpCAM
44.59,131.099,EpCAM
44.72,134.786,EpCAM
44.85,132.557,EpCAM
44.98,128.5,EpCAM
45.11,117.8,EpCAM
45.24,125.878,EpCAM
45.37,120.274,EpCAM
45.5,145.24,EpCAM
45.63,136.777,EpCAM
45.76,141.316,EpCAM
45.89,145.781,EpCAM
46.02,144.64,EpCAM
46.15,139.892,EpCAM
46.28,134.224,EpCAM
46.41,126.425,EpCAM
46.54,126.671,EpCAM
46.67,136.563,EpCAM
46.8,150.5,EpCAM
46.93,140.621,EpCAM
47.06,145.227,EpCAM
47.19,143.277,EpCAM
47.32,134.163,EpCAM
47.45,134.663,EpCAM
47.58,134.546,EpCAM
47.71,169.125,EpCAM
47.84,181.847,EpCAM
47.97,257.33,EpCAM
48.1,548.676,EpCAM
48.23,1304.305,EpCAM
48.36,3190.877,EpCAM
48.49,6486.371,EpCAM
48.62,9555.25,EpCAM
48.75,11145.044,EpCAM
48.88,10386.082,EpCAM
49.01,6423.235,EpCAM
49.14,2776.12,EpCAM
49.27,1036.381,EpCAM
49.4,432.327,EpCAM
49.53,216.125,EpCAM
49.66,192.176,EpCAM
49.79,171.08,EpCAM
49.92,155.235,EpCAM
50.05,159.494,EpCAM
50.18,147.86,EpCAM
50.31,132.554,EpCAM
50.44,124,EpCAM
0,285,MUC1
0.13,413.352,MUC1
0.26,656.01,MUC1
0.39,1308.045,MUC1
0.52,2913.067,MUC1
0.65,8366.271,MUC1
0.78,20054.789,MUC1
0.91,38543.441,MUC1
1.04,53508.41,MUC1
1.17,51382.711,MUC1
1.3,37522.699,MUC1
1.43,20765.492,MUC1
1.56,8874.314,MUC1
1.69,2642.385,MUC1
1.82,934.457,MUC1
1.95,498.363,MUC1
2.08,310.039,MUC1
2.21,234.873,MUC1
2.34,188.381,MUC1
2.47,173,MUC1
2.6,154.086,MUC1
2.73,164.293,MUC1
2.86,165.82,MUC1
2.99,183.394,MUC1
3.12,158.61,MUC1
3.25,152.283,MUC1
3.38,145.374,MUC1
3.51,154.596,MUC1
3.64,164.299,MUC1
3.77,163.427,MUC1
3.9,144.676,MUC1
4.03,135.7,MUC1
4.16,136.802,MUC1
4.29,139.586,MUC1
4.42,133.838,MUC1
4.55,143.025,MUC1
4.68,145.769,MUC1
4.81,171.094,MUC1
4.94,154.16,MUC1
5.07,138.147,MUC1
5.2,139.798,MUC1
5.33,143.263,MUC1
5.46,146.082,MUC1
5.59,178.297,MUC1
5.72,202.561,MUC1
5.85,181.881,MUC1
5.98,206.491,MUC1
6.11,195.64,MUC1
6.24,191.139,MUC1
6.37,166.721,MUC1
6.5,164.194,MUC1
6.63,157.544,MUC1
6.76,173.966,MUC1
6.89,166.894,MUC1
7.02,163.425,MUC1
7.15,155.554,MUC1
7.28,133.784,MUC1
7.41,120.6,MUC1
7.54,135.388,MUC1
7.67,163.42,MUC1
7.8,147.49,MUC1
7.93,152.316,MUC1
8.06,182.786,MUC1
8.19,198.982,MUC1
8.32,189.958,MUC1
8.45,167.158,MUC1
8.58,224.156,MUC1
8.71,212.943,MUC1
8.84,173.588,MUC1
8.97,156.825,MUC1
9.1,184.288,MUC1
9.23,206.877,MUC1
9.36,215.474,MUC1
9.49,209.517,MUC1
9.62,187.591,MUC1
9.75,180.388,MUC1
9.88,180.92,MUC1
10.01,214.829,MUC1
10.14,230.672,MUC1
10.27,290.586,MUC1
10.4,441.341,MUC1
10.53,602.159,MUC1
10.66,1246.09,MUC1
10.79,2823.708,MUC1
10.92,7164.843,MUC1
11.05,17604.859,MUC1
11.18,33579.277,MUC1
11.31,48893.965,MUC1
11.44,42150.289,MUC1
11.57,23444.09,MUC1
11.7,9180.754,MUC1
11.83,3045.487,MUC1
11.96,1231.157,MUC1
12.09,558.985,MUC1
12.22,320.718,MUC1
12.35,255,MUC1
12.48,285,MUC1
12.61,413.352,MUC1
12.74,656.01,MUC1
12.87,1308.045,MUC1
13,2913.067,MUC1
13.13,8366.271,MUC1
13.26,20054.789,MUC1
13.39,38543.441,MUC1
13.52,53508.41,MUC1
13.65,51382.711,MUC1
13.78,37522.699,MUC1
13.91,20765.492,MUC1
14.04,8874.314,MUC1
14.17,2642.385,MUC1
14.3,934.457,MUC1
14.43,498.363,MUC1
14.56,310.039,MUC1
14.69,234.873,MUC1
14.82,188.381,MUC1
14.95,173,MUC1
15.08,154.086,MUC1
15.21,164.293,MUC1
15.34,165.82,MUC1
15.47,183.394,MUC1
15.6,158.61,MUC1
15.73,152.283,MUC1
15.86,145.374,MUC1
15.99,154.596,MUC1
16.12,164.299,MUC1
16.25,163.427,MUC1
16.38,144.676,MUC1
16.51,135.7,MUC1
16.64,136.802,MUC1
16.77,139.586,MUC1
16.9,133.838,MUC1
17.03,143.025,MUC1
17.16,145.769,MUC1
17.29,171.094,MUC1
17.42,154.16,MUC1
17.55,138.147,MUC1
17.68,139.798,MUC1
17.81,143.263,MUC1
17.94,146.082,MUC1
18.07,178.297,MUC1
18.2,202.561,MUC1
18.33,181.881,MUC1
18.46,206.491,MUC1
18.59,195.64,MUC1
18.72,191.139,MUC1
18.85,166.721,MUC1
18.98,164.194,MUC1
19.11,157.544,MUC1
19.24,173.966,MUC1
19.37,166.894,MUC1
19.5,163.425,MUC1
19.63,155.554,MUC1
19.76,133.784,MUC1
19.89,120.6,MUC1
20.02,135.388,MUC1
20.15,163.42,MUC1
20.28,147.49,MUC1
20.41,152.316,MUC1
20.54,182.786,MUC1
20.67,198.982,MUC1
20.8,189.958,MUC1
20.93,167.158,MUC1
21.06,224.156,MUC1
21.19,212.943,MUC1
21.32,173.588,MUC1
21.45,156.825,MUC1
21.58,184.288,MUC1
21.71,206.877,MUC1
21.84,215.474,MUC1
21.97,209.517,MUC1
22.1,187.591,MUC1
22.23,180.388,MUC1
22.36,180.92,MUC1
22.49,214.829,MUC1
22.62,230.672,MUC1
22.75,290.586,MUC1
22.88,441.341,MUC1
23.01,602.159,MUC1
23.14,1246.09,MUC1
23.27,2823.708,MUC1
23.4,7164.843,MUC1
23.53,17604.859,MUC1
23.66,33579.277,MUC1
23.79,48893.965,MUC1
23.92,42150.289,MUC1
24.05,23444.09,MUC1
24.18,9180.754,MUC1
24.31,3045.487,MUC1
24.44,1231.157,MUC1
24.57,558.985,MUC1
24.7,320.718,MUC1
24.83,255,MUC1
24.96,285,MUC1
25.09,413.352,MUC1
25.22,656.01,MUC1
25.35,1308.045,MUC1
25.48,2913.067,MUC1
25.61,8366.271,MUC1
25.74,20054.789,MUC1
25.87,38543.441,MUC1
26,53508.41,MUC1
26.13,51382.711,MUC1
26.26,37522.699,MUC1
26.39,20765.492,MUC1
26.52,8874.314,MUC1
26.65,2642.385,MUC1
26.78,934.457,MUC1
26.91,498.363,MUC1
27.04,310.039,MUC1
27.17,234.873,MUC1
27.3,188.381,MUC1
27.43,173,MUC1
27.56,154.086,MUC1
27.69,164.293,MUC1
27.82,165.82,MUC1
27.95,183.394,MUC1
28.08,158.61,MUC1
28.21,152.283,MUC1
28.34,145.374,MUC1
28.47,154.596,MUC1
28.6,164.299,MUC1
28.73,163.427,MUC1
28.86,144.676,MUC1
28.99,135.7,MUC1
29.12,136.802,MUC1
29.25,139.586,MUC1
29.38,133.838,MUC1
29.51,143.025,MUC1
29.64,145.769,MUC1
29.77,171.094,MUC1
29.9,154.16,MUC1
30.03,138.147,MUC1
30.16,139.798,MUC1
30.29,143.263,MUC1
30.42,146.082,MUC1
30.55,178.297,MUC1
30.68,202.561,MUC1
30.81,181.881,MUC1
30.94,206.491,MUC1
31.07,195.64,MUC1
31.2,191.139,MUC1
31.33,166.721,MUC1
31.46,164.194,MUC1
31.59,157.544,MUC1
31.72,173.966,MUC1
31.85,166.894,MUC1
31.98,163.425,MUC1
32.11,155.554,MUC1
32.24,133.784,MUC1
32.37,120.6,MUC1
32.5,135.388,MUC1
32.63,163.42,MUC1
32.76,147.49,MUC1
32.89,152.316,MUC1
33.02,182.786,MUC1
33.15,198.982,MUC1
33.28,189.958,MUC1
33.41,167.158,MUC1
33.54,224.156,MUC1
33.67,212.943,MUC1
33.8,173.588,MUC1
33.93,156.825,MUC1
34.06,184.288,MUC1
34.19,206.877,MUC1
34.32,215.474,MUC1
34.45,209.517,MUC1
34.58,187.591,MUC1
34.71,180.388,MUC1
34.84,180.92,MUC1
34.97,214.829,MUC1
35.1,230.672,MUC1
35.23,290.586,MUC1
35.36,441.341,MUC1
35.49,602.159,MUC1
35.62,1246.09,MUC1
35.75,2823.708,MUC1
35.88,7164.843,MUC1
36.01,17604.859,MUC1
36.14,33579.277,MUC1
36.27,48893.965,MUC1
36.4,42150.289,MUC1
36.53,23444.09,MUC1
36.66,9180.754,MUC1
36.79,3045.487,MUC1
36.92,1231.157,MUC1
37.05,558.985,MUC1
37.18,320.718,MUC1
37.31,255,MUC1
37.44,285,MUC1
37.57,413.352,MUC1
37.7,656.01,MUC1
37.83,1308.045,MUC1
37.96,2913.067,MUC1
38.09,8366.271,MUC1
38.22,20054.789,MUC1
38.35,38543.441,MUC1
38.48,53508.41,MUC1
38.61,51382.711,MUC1
38.74,37522.699,MUC1
38.87,20765.492,MUC1
39,8874.314,MUC1
39.13,2642.385,MUC1
39.26,934.457,MUC1
39.39,498.363,MUC1
39.52,310.039,MUC1
39.65,234.873,MUC1
39.78,188.381,MUC1
39.91,173,MUC1
40.04,154.086,MUC1
40.17,164.293,MUC1
40.3,165.82,MUC1
40.43,183.394,MUC1
40.56,158.61,MUC1
40.69,152.283,MUC1
40.82,145.374,MUC1
40.95,154.596,MUC1
41.08,164.299,MUC1
41.21,163.427,MUC1
41.34,144.676,MUC1
41.47,135.7,MUC1
41.6,136.802,MUC1
41.73,139.586,MUC1
41.86,133.838,MUC1
41.99,143.025,MUC1
42.12,145.769,MUC1
42.25,171.094,MUC1
42.38,154.16,MUC1
42.51,138.147,MUC1
42.64,139.798,MUC1
42.77,143.263,MUC1
42.9,146.082,MUC1
43.03,178.297,MUC1
43.16,202.561,MUC1
43.29,181.881,MUC1
43.42,206.491,MUC1
43.55,195.64,MUC1
43.68,191.139,MUC1
43.81,166.721,MUC1
43.94,164.194,MUC1
44.07,157.544,MUC1
44.2,173.966,MUC1
44.33,166.894,MUC1
44.46,163.425,MUC1
44.59,155.554,MUC1
44.72,133.784,MUC1
44.85,120.6,MUC1
44.98,135.388,MUC1
45.11,163.42,MUC1
45.24,147.49,MUC1
45.37,152.316,MUC1
45.5,182.786,MUC1
45.63,198.982,MUC1
45.76,189.958,MUC1
45.89,167.158,MUC1
46.02,224.156,MUC1
46.15,212.943,MUC1
46.28,173.588,MUC1
46.41,156.825,MUC1
46.54,184.288,MUC1
46.67,206.877,MUC1
46.8,215.474,MUC1
46.93,209.517,MUC1
47.06,187.591,MUC1
47.19,180.388,MUC1
47.32,180.92,MUC1
47.45,214.829,MUC1
47.58,230.672,MUC1
47.71,290.586,MUC1
47.84,441.341,MUC1
47.97,602.159,MUC1
48.1,1246.09,MUC1
48.23,2823.708,MUC1
48.36,7164.843,MUC1
48.49,17604.859,MUC1
48.62,33579.277,MUC1
48.75,48893.965,MUC1
48.88,42150.289,MUC1
49.01,23444.09,MUC1
49.14,9180.754,MUC1
49.27,3045.487,MUC1
49.4,1231.157,MUC1
49.53,558.985,MUC1
49.66,320.718,MUC1
49.79,255,MUC1
